year,state,iso3,applications,issued,mev,ltv,not_issued,decisions,not_issued_share,mev_share
2015,Czech Republic,CZE,3657,2792,471,162,703,3657,0.19223407164342357,0.16869627507163323
2015,France,FRA,11968,9207,2173,155,2156,11518,0.1871852752213926,0.23601607472575215
2015,Germany,DEU,11600,8358,3527,2707,535,11600,0.046120689655172416,0.42199090691553004
2015,Hungary,HUN,761,424,127,31,306,761,0.4021024967148489,0.29952830188679247
2015,Italy,ITA,6186,4328,1675,776,1082,6186,0.17491108955706433,0.3870147874306839
2015,Netherlands,NLD,1123,873,848,83,156,1112,0.14028776978417265,0.9713631156930126
2015,Poland,POL,1985,1074,370,28,883,1985,0.4448362720403023,0.34450651769087526
2015,Slovakia,SVK,323,264,48,16,62,342,0.18128654970760233,0.18181818181818182
2015,Spain,ESP,468,291,73,32,120,443,0.2708803611738149,0.2508591065292096
2015,Sweden,SWE,404,155,96,239,4,398,0.010050251256281407,0.6193548387096774
2016,Czech Republic,CZE,3542,2993,768,99,439,3531,0.124327386009629,0.25659873037086534
2016,France,FRA,11722,8624,2173,103,2702,11429,0.23641613439496018,0.2519712430426716
2016,Germany,DEU,16559,12909,7880,623,3027,16559,0.18280089377377862,0.6104268339917887
2016,Greece,GRC,682,500,185,20,162,682,0.2375366568914956,0.37
2016,Hungary,HUN,538,330,123,14,194,538,0.36059479553903345,0.37272727272727274
2016,Italy,ITA,8127,5899,2733,212,2016,8127,0.24806201550387597,0.46329886421427363
2016,Netherlands,NLD,1536,1126,1113,51,305,1482,0.2058029689608637,0.9884547069271759
2016,Poland,POL,3118,2263,550,99,756,3118,0.24246311738293777,0.24304021210782148
2016,Spain,ESP,310,265,61,3,3,271,0.01107011070110701,0.23018867924528302
2016,Sweden,SWE,321,163,55,126,4,293,0.013651877133105802,0.3374233128834356
2017,Czech Republic,CZE,4246,3404,677,44,798,4246,0.1879415920866698,0.19888366627497062
2017,France,FRA,14188,7869,1573,61,5783,13713,0.42171661926638954,0.1998983352395476
2017,Germany,DEU,26790,14765,8603,331,11694,26790,0.4365061590145577,0.5826616999661361
2017,Greece,GRC,1029,704,239,13,312,1029,0.3032069970845481,0.33948863636363635
2017,Hungary,HUN,700,418,107,25,257,700,0.36714285714285716,0.25598086124401914
2017,Italy,ITA,6724,3417,1169,202,3105,6724,0.46177870315288516,0.3421129645888206
2017,Netherlands,NLD,1507,1072,1069,51,361,1484,0.24326145552560646,0.9972014925373134
2017,Poland,POL,4684,1761,336,76,2847,4684,0.6078138343296328,0.19080068143100512
2017,Spain,ESP,481,455,181,1,3,459,0.006535947712418301,0.3978021978021978
2017,Sweden,SWE,188,149,56,1,0,150,0.0,0.37583892617449666
2018,Czech Republic,CZE,543,432,149,33,76,541,0.14048059149722736,0.3449074074074074
2018,France,FRA,19439,8562,1562,107,10548,19217,0.5488890045272415,0.182434010745153
2018,Germany,DEU,30307,15217,10541,28,15062,30307,0.49698089550268915,0.6927120983110995
2018,Greece,GRC,1455,923,286,69,463,1455,0.31821305841924397,0.30985915492957744
2018,Hungary,HUN,1080,601,162,14,465,1080,0.4305555555555556,0.26955074875207985
2018,Italy,ITA,6693,3962,1453,183,2548,6693,0.3806962498132377,0.36673397274103986
2018,Netherlands,NLD,1409,1001,994,82,283,1366,0.20717423133235724,0.993006993006993
2018,Poland,POL,2249,840,190,5,1404,2249,0.6242774566473989,0.2261904761904762
2018,Spain,ESP,1352,1184,476,9,58,1251,0.04636290967226219,0.40202702702702703
2018,Sweden,SWE,199,187,65,0,0,187,0.0,0.34759358288770054
2019,Czech Republic,CZE,1000,677,158,10,313,1000,0.313,0.23338257016248154
2019,France,FRA,16598,8680,1576,121,7817,16618,0.4703935491635576,0.1815668202764977
2019,Germany,DEU,24269,15078,9890,122,9069,24269,0.3736865960690593,0.6559225361453773
2019,Greece,GRC,1528,1010,360,9,397,1416,0.2803672316384181,0.3564356435643564
2019,Hungary,HUN,1040,600,148,2,429,1031,0.41610087293889425,0.24666666666666667
2019,Italy,ITA,6571,3743,1206,100,2728,6571,0.41515751027240905,0.322201442693027
2019,Netherlands,NLD,2339,1850,1296,68,365,2283,0.15987735435830047,0.7005405405405405
2019,Poland,POL,1621,665,130,3,956,1624,0.5886699507389163,0.19548872180451127
2019,Spain,ESP,2287,2035,1092,9,113,2157,0.052387575336114975,0.5366093366093366
2019,Sweden,SWE,248,241,69,0,0,241,0.0,0.2863070539419087
2020,Czech Republic,CZE,184,114,32,3,67,184,0.3641304347826087,0.2807017543859649
2020,France,FRA,2854,1548,392,29,1153,2730,0.42234432234432234,0.2532299741602067
2020,Germany,DEU,3973,2498,1740,34,1441,3973,0.36269821293732696,0.6965572457966374
2020,Greece,GRC,217,83,28,0,79,162,0.4876543209876543,0.3373493975903614
2020,Hungary,HUN,174,84,23,0,82,166,0.4939759036144578,0.27380952380952384
2020,Italy,ITA,1073,595,230,14,464,1073,0.43243243243243246,0.3865546218487395
2020,Netherlands,NLD,435,279,108,17,128,424,0.3018867924528302,0.3870967741935484
2020,Poland,POL,236,86,17,0,149,235,0.6340425531914894,0.19767441860465115
2020,Spain,ESP,490,412,146,3,20,435,0.04597701149425287,0.35436893203883496
2020,Sweden,SWE,86,85,36,0,0,85,0.0,0.4235294117647059
2021,Czech Republic,CZE,207,180,43,11,15,206,0.07281553398058252,0.2388888888888889
2021,France,FRA,8912,4397,1423,95,3994,8486,0.4706575536177233,0.3236297475551512
2021,Germany,DEU,5143,3720,3489,21,1262,5003,0.2522486508095143,0.9379032258064516
2021,Greece,GRC,358,312,190,5,21,338,0.0621301775147929,0.6089743589743589
2021,Hungary,HUN,118,65,17,2,51,118,0.4322033898305085,0.26153846153846155
2021,Italy,ITA,1025,584,295,48,393,1025,0.38341463414634147,0.5051369863013698
2021,Netherlands,NLD,751,587,223,40,96,723,0.13278008298755187,0.3798977853492334
2021,Poland,POL,76,51,15,3,23,77,0.2987012987012987,0.29411764705882354
2021,Spain,ESP,1045,894,710,43,39,976,0.039959016393442626,0.7941834451901566
2021,Sweden,SWE,34,33,4,1,0,34,0.0,0.12121212121212122
2022,Czech Republic,CZE,1130,544,128,72,514,1130,0.45486725663716815,0.23529411764705882
2022,France,FRA,15663,8595,2307,33,6640,15268,0.43489651558815823,0.2684118673647469
2022,Germany,DEU,17268,9486,8145,28,7335,16849,0.4353374087482937,0.8586337760910816
2022,Greece,GRC,2609,2085,509,14,441,2540,0.1736220472440945,0.24412470023980815
2022,Hungary,HUN,778,395,128,3,383,781,0.49039692701664533,0.3240506329113924
2022,Italy,ITA,6076,4369,1566,46,1661,6076,0.27337063857801186,0.35843442435339895
2022,Netherlands,NLD,2617,1696,502,79,779,2554,0.30501174628034455,0.2959905660377358
2022,Poland,POL,578,317,49,29,239,585,0.40854700854700854,0.15457413249211358
2022,Spain,ESP,1667,1360,578,67,217,1644,0.13199513381995134,0.425
2022,Sweden,SWE,150,139,10,2,2,143,0.013986013986013986,0.07194244604316546
2023,Croatia,HRV,303,235,63,17,63,315,0.2,0.2680851063829787
2023,Czech Republic,CZE,1294,848,239,46,399,1293,0.308584686774942,0.2818396226415094
2023,France,FRA,17274,10261,2082,94,6669,17024,0.39174107142857145,0.20290420037033427
2023,Germany,DEU,19772,12312,11348,88,6912,19312,0.35791217895608946,0.9217024041585445
2023,Greece,GRC,3568,1743,383,7,1756,3506,0.5008556759840274,0.2197360872059667
2023,Hungary,HUN,970,492,123,5,478,975,0.49025641025641026,0.25
2023,Italy,ITA,9299,6661,2132,82,2556,9299,0.27486826540488224,0.3200720612520643
2023,Netherlands,NLD,2562,1674,395,73,760,2507,0.30315117670522534,0.23596176821983272
2023,Poland,POL,1309,756,121,16,551,1323,0.41647770219198793,0.16005291005291006
2023,Spain,ESP,1759,1528,660,130,45,1703,0.026423957721667644,0.4319371727748691
2023,Sweden,SWE,55,53,9,1,0,54,0.0,0.16981132075471697
2024,Croatia,HRV,405,250,123,5,143,398,0.3592964824120603,0.492
2024,Czech Republic,CZE,1120,818,177,33,269,1120,0.24017857142857144,0.21638141809290953
2024,France,FRA,19617,10978,2101,128,8010,19116,0.4190207156308851,0.19138276553106212
2024,Germany,DEU,19509,12939,11006,26,6069,19034,0.31885047809183564,0.8506066929438133
2024,Greece,GRC,3872,2124,590,1,1643,3768,0.43604033970276007,0.2777777777777778
2024,Hungary,HUN,1070,400,117,1,670,1071,0.6255835667600373,0.2925
2024,Italy,ITA,13331,9607,3560,55,3669,13331,0.2752231640537094,0.37056313105027583
2024,Netherlands,NLD,2972,2083,577,45,785,2913,0.26948163405423964,0.2770043206913106
2024,Poland,POL,1038,669,70,11,368,1048,0.3511450381679389,0.10463378176382661
2024,Romania,ROU,959,633,310,50,267,950,0.2810526315789474,0.48973143759873616
2024,Spain,ESP,2051,1737,614,134,83,1954,0.04247697031729785,0.3534830166954519
2025,Croatia,HRV,405,257,126,18,110,385,0.2857142857142857,0.490272373540856
2025,Czech Republic,CZE,1327,906,216,59,362,1327,0.2727957799547852,0.23841059602649006
2025,France,FRA,20375,12691,2880,93,7731,20515,0.37684621009017794,0.22693247183043103
2025,Germany,DEU,13779,8476,6055,25,4963,13464,0.36861259655377304,0.7143699858423784
2025,Greece,GRC,6699,3726,933,2,2485,6213,0.39996780943183646,0.250402576489533
2025,Hungary,HUN,1373,164,140,3,892,1059,0.842304060434372,0.8536585365853658
2025,Italy,ITA,16896,12670,4304,3,4226,16899,0.2500739688738979,0.33970007892659826
2025,Netherlands,NLD,3177,2047,440,43,1086,3176,0.3419395465994962,0.2149487054225696
2025,Poland,POL,1078,588,55,5,489,1082,0.4519408502772643,0.0935374149659864
2025,Romania,ROU,822,535,222,4,279,818,0.3410757946210269,0.41495327102803736
2025,Spain,ESP,4381,3053,820,63,1069,4185,0.25543608124253286,0.2685882738290206
